cliente_id,nome,email,telefone,endereco
709,Margaret Espinoza,ifarley@example.com,756.658.3769x2771,"149 Perez Trail Apt. 206
North Michaelborough, NM 95161"
638,Jody Ramirez,sharonmullins@example.net,447.932.3584x292,"Unit 4039 Box 9039
DPO AE 40886"
840,Leah Page,rosechad@example.net,+1-496-656-0345x8142,"1985 Richard Mission Suite 826
West Frankshire, HI 22276"
587,Mary Miller,clinton97@example.org,+1-659-241-7438,"9388 Martin Parks
Lake Lorettahaven, ME 24201"
97,Tracy Gentry,jponce@example.net,343-525-4150,"283 Benjamin Circles
Davidsonborough, CA 15130"
69,Timothy Rodriguez,elizabeth74@example.net,804.418.8818,"740 Smith Drive
Lake Juanview, IL 58411"
912,Katelyn Beltran,sfields@example.com,999.743.6215,"2017 Morris Highway
South William, OK 40659"
730,Travis Lynch,jerry79@example.org,886.578.3867x872,"65349 Martin Trail Suite 349
Port Rickey, IN 59486"
445,Jerry Patel,joshua53@example.com,001-742-891-2405x629,"849 Patricia Isle Suite 309
Williamschester, AS 69050"
589,Richard Fox,jfrye@example.com,(672)974-5288x982,"0665 Andrea Islands
Port Brenda, OR 23364"
660,Nicholas Diaz,gmacdonald@example.org,(413)872-4156x7727,"994 Jackson Prairie Suite 908
Lake Randall, LA 02282"
357,Erik Powers,jstewart@example.net,258-680-7480x2510,"45276 Conner Springs Apt. 215
East Austinmouth, MN 15802"
327,Adam Webster,michaelsantos@example.net,(452)625-2796x4224,"890 Castro Estate Apt. 367
East Hannah, WA 47003"
872,Kathleen Miller,ipeters@example.net,+1-484-793-4545x20069,"40669 Justin Unions Suite 325
East Ashleychester, MT 32051"
58,Anthony Edwards,rmoore@example.net,228-388-1349x684,"649 Atkinson Motorway Suite 650
West Jackhaven, WI 37532"
792,Rebecca Wilson,sandra64@example.org,(491)265-7665,"7965 Rojas Station Apt. 366
South Michael, NV 75162"
993,Jesse Powell,stephaniemoody@example.org,001-541-999-3130x91639,"184 Christina Stravenue Apt. 201
Amberton, NH 54024"
557,Michelle Massey,qobrien@example.net,001-360-863-3946x34311,"0658 John Well
West Ginaborough, NV 94595"
952,Randy Bush,jliu@example.org,+1-676-926-4001x4671,"394 Sharon Expressway
Ryanland, HI 99351"
590,Paul Powell,rojascharles@example.net,562.493.5153x4151,"555 Phillips Lake
South Christopherside, PW 06502"
135,Brent Richardson,christopher42@example.com,001-591-958-9995x16020,"877 Leslie Cliffs Suite 881
New Paul, ME 02543"
700,Elaine Smith,michellerobertson@example.com,(670)628-1132x028,"47854 Shane Court Suite 294
Michaelhaven, TN 32446"
27,Kayla Gonzales,sdelacruz@example.net,954.824.6667x5622,"890 James Mill
Benjaminstad, MA 08777"
701,Reginald Stafford,jameslaura@example.net,391-501-7746x9767,"51352 Wilson Motorway Suite 584
West Shirley, MN 13101"
567,Travis Wilkinson,ipayne@example.net,693-970-8275,"2850 Samuel Curve Apt. 898
Biancaville, AK 89802"
945,Paul Elliott,kim21@example.com,(297)636-8968x452,"456 Rebecca Fork
Port Brian, MN 82450"
472,Daisy Johnson,randylloyd@example.net,875-336-9799x346,"9086 George Street Suite 528
Johnsonside, PA 79387"
608,Mitchell Turner,amanda73@example.org,369-456-8599x7545,"709 Simpson Bridge
Port Laurabury, OH 23008"
305,Emily Fleming,harmonjason@example.net,(728)720-2710x058,"557 Gregory Valley
South Tracy, AZ 10932"
758,Donald King,xnelson@example.net,(934)324-8860,"577 Brown Neck
Hahnfort, MT 74044"
977,Nathan Brady,josephchad@example.com,+1-484-855-2761,"61714 Sean Rapids Apt. 564
New Sarashire, VI 53719"
995,Kevin Warner,shannonjohnson@example.net,(680)569-2908,"Unit 1024 Box 0069
DPO AP 85323"
384,Joyce Calhoun MD,kathymitchell@example.org,645.255.2980,"USNV Hale
FPO AE 41949"
11,Maria Wright,jonathanwilliams@example.com,4227884639,"10557 Buckley Lights Apt. 327
New Nicole, GA 11073"
532,Katherine Powell,fstephens@example.com,(621)261-7267x2487,"265 Adam Grove Apt. 892
North Seanmouth, MD 89616"
752,Michael Lee,rbruce@example.org,+1-837-591-9387x869,"PSC 2741, Box 9043
APO AP 83833"
605,Lisa Mendez,anahughes@example.com,(242)394-9312x9497,"60107 Colleen Gateway
South Whitney, WI 74968"
905,Tammy Anthony,marvincantu@example.com,(584)841-5323x8879,"5725 Murphy Bridge
New Jenna, IN 85175"
171,Terry Mason,matthew97@example.com,(753)528-8427x74678,"88543 Frederick Views Suite 387
Lake Juanshire, ID 98920"
493,Jeffrey Harmon,vblair@example.net,+1-344-682-8790,"96259 Bradshaw Place Apt. 695
South Kathy, NM 42186"
228,Ann White,lopezangela@example.net,450-467-9939x011,"44013 Derrick Groves Suite 667
North Michael, VA 10569"
513,Mitchell King,christopherramsey@example.net,325-338-2095,"97524 Gonzalez Station
Kingtown, WA 74193"
238,Valerie Carey,juliewilson@example.com,7335372109,"67850 Romero Rapid
Lake Timothyshire, DC 95671"
734,David Hall,stephaniedelgado@example.org,(484)622-6965,"298 Allison Falls Suite 113
Mcdanielville, ND 36007"
277,Anthony Long,foleycolton@example.org,001-460-218-8163x584,"035 Gary Ports
Hutchinsontown, MN 03113"
818,Elizabeth Nguyen,lynn75@example.org,(614)919-8078,"2453 Ward River Apt. 414
New Christopherstad, ME 21650"
767,Sara Rivera,jperkins@example.org,+1-580-222-7317x3777,"9009 Leslie Port
West Bradley, RI 15877"
657,Nicole Mendoza,jacklopez@example.com,+1-290-888-1639x7755,"81840 Joseph Cliffs
Justinburgh, OR 37729"
198,Charles Goodman,williamsvanessa@example.org,3264099058,"597 Mcconnell Via
Waltonmouth, FM 85462"
64,Matthew Thompson,bblackburn@example.com,001-462-387-9892,"2870 Christina Fords
Schmidtborough, NH 84886"
515,Erica Day,yfreeman@example.net,602.474.6747x634,"71765 Clark Trail Suite 930
Port Tony, NE 58776"
931,Samantha Nguyen,barreranancy@example.net,+1-699-909-9106x19320,"83096 William Roads Suite 629
Mistyhaven, HI 39386"
909,William Wells,cainmonica@example.net,7087456579,"83874 Chang Fords
Port Melanie, MN 97396"
301,Megan Edwards,wanderson@example.net,(612)739-9539x5149,"767 Donald Pass
Kingview, HI 44681"
791,Jimmy Robinson,patrickgwendolyn@example.net,(314)922-0653x51817,"906 Morales Drives Suite 340
Michaeltown, CT 08830"
747,Jonathan Rogers,karapatterson@example.net,001-524-520-3079x1383,"230 Howard Ville
Franciscoland, MH 19629"
784,Beth Gutierrez,karenwatkins@example.net,885-853-2324x93756,"6928 Edwards Park Suite 712
Zimmermanside, OR 83160"
584,Jeffrey Hutchinson,jasoncurry@example.com,+1-446-237-3975x1850,"81262 Ashley Corner
Jacobschester, CA 28181"
542,Jose Frye,daniellowe@example.com,4943431073,"20936 Daniel Spurs Suite 612
West Dylanland, HI 40637"
757,Karen Zamora,laguilar@example.org,(771)470-4151x2902,"7737 Robert Vista Suite 886
Wolfeberg, MD 56118"
162,Lisa Hunter,cwilkinson@example.net,3037274020,"6139 Jimenez Spurs
Sloanberg, NC 37586"
667,Miss Gina Coleman MD,pinedajessica@example.com,470.625.9329x697,"6987 Chambers Heights
Osborneport, MI 84951"
588,Tina Kennedy,kylegardner@example.org,593-852-8728x8090,"8049 Melvin Knoll
East Gracetown, RI 26228"
841,Brandon Thompson,jerry30@example.net,(796)432-8721,"277 Douglas Mountain Suite 241
New Jenna, FM 99650"
684,Brad Solis,alexbird@example.net,(451)490-3060x23046,"4425 Wallace Meadow Apt. 029
Julieland, MH 58625"
363,Brian Clay,mark90@example.net,(403)261-7646x0071,"385 John Court Suite 141
Port Tonyshire, MO 71087"
362,Jose Hansen,jill45@example.com,457.903.9392x9245,"USS Dennis
FPO AA 07669"
788,Alexander Dawson,angelaibarra@example.com,(588)460-7854x966,"22698 Lee Corners
Millerview, AK 93879"
816,Leonard King,martinezjason@example.net,757.525.9308x182,"48390 John Turnpike
Jonesside, MO 62720"
225,Beth Ward,hernandezerica@example.net,3544185112,"498 Taylor Stream Suite 660
Hendersonfort, ID 08353"
167,Joshua Crawford,julie32@example.net,+1-931-605-8592,"0300 Timothy Center Suite 988
Kinghaven, GA 53487"
342,Dawn Ray,dannyrobinson@example.net,001-977-510-8109,"757 Black Falls Apt. 289
Susanland, NJ 61081"
282,Amanda Vaughan,ricedouglas@example.com,+1-621-612-9028x351,"5804 Brooks Mission
Burnsport, PW 36746"
526,James Montoya,whitney41@example.com,860-315-7203,"40487 Laurie Knoll
Lake Lorifort, CO 38945"
886,Mary Erickson,bharris@example.org,669-267-0803,"0140 Sophia Keys
Chadbury, NH 41592"
360,Stephanie Wong,jcalhoun@example.org,292-805-6562,"4575 Walker Ferry
Denisemouth, IN 99395"
539,Heather Moreno,jschmidt@example.com,720.979.9135x98209,"00909 Vanessa Canyon Apt. 944
Port Michaelmouth, MD 05717"
854,Gary Mcgrath,noahharper@example.net,260-635-9736,"17749 Michael Ville Apt. 197
Loweryton, TN 91949"
689,Rebecca Pineda,bryan19@example.org,(390)682-5675,"16061 Brandon Mount Suite 532
Port Cameronberg, ME 85922"
160,Elizabeth Trujillo,jhughes@example.net,(375)830-8685,"45140 Francisco River
North Ryantown, AR 10188"
511,Holly Brown,parkerjohn@example.org,389-774-4246x40368,"2420 Stephen View Suite 340
Victoriaview, CA 21422"
594,Matthew Williamson,mwilliams@example.com,001-840-454-4138,"98309 Allison Locks Suite 561
Peterside, WI 12678"
125,Lisa Boone,joshua77@example.com,700.354.3868x528,"549 Stephanie Road Apt. 901
North Heatherbury, DC 35728"
656,Patty Brown,erinfaulkner@example.com,391.763.1843x54036,"63957 Casey Avenue Suite 342
West Michael, IN 15701"
449,Jason Snyder,stacy56@example.org,(797)377-8126,"540 Jeffrey Crescent Apt. 092
Maryport, NV 44370"
168,Thomas Trujillo,gillespiechristopher@example.com,437.233.0161,"218 Harris Heights Apt. 301
Danielport, PA 87737"
621,Lynn Ramos,kayleewagner@example.net,755-749-4845x638,"17518 Lee Summit
North Alexisborough, SD 92070"
340,James Foster,carrie61@example.com,(215)454-7390x599,"2187 Martin Court Apt. 375
West Sabrina, FL 72300"
906,Hannah Hicks,michelerobinson@example.com,+1-253-247-8291x137,"40548 Ryan Stravenue Apt. 210
Port Nathan, KY 65212"
874,Beverly Walker,sarahfranklin@example.org,275.813.4953x051,"Unit 0838 Box 3815
DPO AE 31887"
592,Gary Newton,adam39@example.org,3073139976,"74814 Robinson Plaza Apt. 919
Port Davidchester, VI 86632"
713,Michael Pacheco,watsonkristin@example.org,415.803.2848,"196 Bethany Rapids Apt. 108
Sandrafort, NV 04023"
199,Manuel Hodge,bmartinez@example.org,001-948-506-5856,"604 Perez Springs Suite 141
Johnberg, AK 86959"
708,Daniel Clark,larry00@example.net,+1-590-259-1949x433,"850 Matthew Mission Apt. 029
Torresville, RI 45677"
324,Joseph Garcia,qvelazquez@example.org,001-750-656-5053x829,"92411 Carmen Divide Suite 573
Lake Katherine, WY 49839"
361,Craig Turner,jill73@example.com,374-725-7207x5707,"903 Williams Spurs
West Donaldton, TN 34526"
424,Christy Anderson,dthompson@example.net,001-938-217-0177x122,"2710 Martin Oval
Katrinaland, IN 47055"
377,Laura Taylor,qfrank@example.org,+1-205-390-3915,"069 Adams Circles Suite 417
New Jenniferhaven, MS 53046"
988,Rebecca Hall,bandrews@example.net,725.648.7755x0166,"6426 Chapman Forge
South Kevin, ID 53002"
368,Susan Wheeler,charles92@example.com,001-928-772-0277x2794,"Unit 9378 Box 7919
DPO AE 28497"
